{"Active":true,"BreakEventsBubbling":false,"CssClass":{"SelectedCssClass":"none"},"Fill":null,"JSBindingsText":null,"Name":"Instrument","RecalculateAll":false,"Smooth":true,"Stroke":{"__type":"SimpleStroke:#PerpetuumSoft.Framework.Drawing","Width":1,"Color":{"knownColor":35,"name":null,"state":1,"value":0},"DashLenght":5,"DotLenght":1,"SpaceLenght":2,"Style":1},"Style":"Default","ToolTipValue":null,"Visible":true,"Elements":[{"__type":"Circle:#PerpetuumSoft.Instrumentation.Model","Active":true,"BreakEventsBubbling":false,"CssClass":{"SelectedCssClass":"none"},"Fill":{"__type":"LinearGradientFill:#PerpetuumSoft.Framework.Drawing","Angle":90,"Colors":[{"__type":"GradientColor:#PerpetuumSoft.Framework.Drawing","Color":{"knownColor":35,"name":null,"state":1,"value":0},"Portion":0},{"__type":"GradientColor:#PerpetuumSoft.Framework.Drawing","Color":{"knownColor":0,"name":null,"state":2,"value":4288256409},"Portion":1}],"EndColor":{"knownColor":0,"name":null,"state":2,"value":4288256409},"StartColor":{"knownColor":35,"name":null,"state":1,"value":0}},"JSBindingsText":"this.setCenter(new PerfectWidgets.Framework.DataObjects.Vector((this.getInstrument().getByName('Instrument') .getSize() .getWidth()\/2),(this.getInstrument().getByName('Instrument') .getSize() .getHeight()\/2)));\u000a","Name":"Circle1","RecalculateAll":false,"Smooth":true,"Stroke":{"__type":"SimpleStroke:#PerpetuumSoft.Framework.Drawing","Width":5,"Color":{"knownColor":35,"name":null,"state":1,"value":0},"DashLenght":5,"DotLenght":1,"SpaceLenght":2,"Style":1},"Style":"Circle1","ToolTipValue":null,"Visible":true,"Center":{"Height":650,"Length":919.23881554251182,"Rotation":0.78539816339744828,"Width":650,"X":650,"Y":650},"Radius":634.375},{"__type":"Circle:#PerpetuumSoft.Instrumentation.Model","Active":true,"BreakEventsBubbling":false,"CssClass":{"SelectedCssClass":"none"},"Fill":{"__type":"SolidFill:#PerpetuumSoft.Framework.Drawing","Color":{"knownColor":0,"name":null,"state":2,"value":4281204811}},"JSBindingsText":"this.setCenter(this.getInstrument().getByName('Circle1') .getCenter());\u000a","Name":"Circle2","RecalculateAll":false,"Smooth":true,"Stroke":null,"Style":"Circle2","ToolTipValue":null,"Visible":true,"Center":{"Height":650,"Length":919.23881554251182,"Rotation":0.78539816339744828,"Width":650,"X":650,"Y":650},"Radius":612.5},{"__type":"Circle:#PerpetuumSoft.Instrumentation.Model","Active":true,"BreakEventsBubbling":false,"CssClass":{"SelectedCssClass":"none"},"Fill":{"__type":"SolidFill:#PerpetuumSoft.Framework.Drawing","Color":{"knownColor":35,"name":null,"state":1,"value":0}},"JSBindingsText":"this.setCenter(this.getInstrument().getByName('Circle1') .getCenter());\u000a","Name":"Circle3","RecalculateAll":false,"Smooth":true,"Stroke":{"__type":"SimpleStroke:#PerpetuumSoft.Framework.Drawing","Width":6,"Color":{"knownColor":164,"name":null,"state":1,"value":0},"DashLenght":5,"DotLenght":1,"SpaceLenght":2,"Style":1},"Style":"Circle3","ToolTipValue":null,"Visible":true,"Center":{"Height":650,"Length":919.23881554251182,"Rotation":0.78539816339744828,"Width":650,"X":650,"Y":650},"Radius":568.75},{"__type":"Circle:#PerpetuumSoft.Instrumentation.Model","Active":true,"BreakEventsBubbling":false,"CssClass":{"SelectedCssClass":"none"},"Fill":{"__type":"SphericalFill:#PerpetuumSoft.Framework.Drawing","Angle":0,"Colors":[{"__type":"GradientColor:#PerpetuumSoft.Framework.Drawing","Color":{"knownColor":0,"name":null,"state":2,"value":4282137660},"Portion":0},{"__type":"GradientColor:#PerpetuumSoft.Framework.Drawing","Color":{"knownColor":35,"name":null,"state":1,"value":0},"Portion":1}],"Delta":0,"EndColor":{"knownColor":0,"name":null,"state":2,"value":4282137660},"StartColor":{"knownColor":35,"name":null,"state":1,"value":0}},"JSBindingsText":"this.setCenter(this.getInstrument().getByName('Circle1') .getCenter());\u000a","Name":"Circle6","RecalculateAll":false,"Smooth":true,"Stroke":null,"Style":"Circle6","ToolTipValue":null,"Visible":true,"Center":{"Height":650,"Length":919.23881554251182,"Rotation":0.78539816339744828,"Width":650,"X":650,"Y":650},"Radius":425},{"__type":"TruncatedEllipse:#PerpetuumSoft.Instrumentation.Model","Active":true,"BreakEventsBubbling":false,"CssClass":{"SelectedCssClass":"none"},"Fill":{"__type":"SolidFill:#PerpetuumSoft.Framework.Drawing","Color":{"knownColor":0,"name":null,"state":2,"value":1358954495}},"JSBindingsText":"this.setCenter(this.getInstrument().getByName('Circle1') .getCenter());\u000athis.setSize((new PerfectWidgets.Framework.DataObjects.Vector((this.getInstrument().getByName('Circle2') .getRadius()*2),(this.getInstrument().getByName('Circle2') .getRadius()*2)).minus(new PerfectWidgets.Framework.DataObjects.Vector(31.25,31.25))));\u000athis.setSweepAngle((180-(2*this.getInstrument().getByName('TruncatedEllipse1') .getStartAngle())));\u000a","Name":"TruncatedEllipse1","RecalculateAll":false,"Smooth":true,"Stroke":null,"Style":"TruncatedEllipse1","ToolTipValue":null,"Visible":true,"Center":{"Height":650,"Length":919.23881554251182,"Rotation":0.78539816339744828,"Width":650,"X":650,"Y":650},"Size":{"Height":1193.75,"Length":1688.2174400828822,"Rotation":0.78539816339744828,"Width":1193.75,"X":1193.75,"Y":1193.75},"Angle":0,"StartAngle":340.9,"SweepAngle":-141.8},{"__type":"TruncatedEllipse:#PerpetuumSoft.Instrumentation.Model","Active":true,"BreakEventsBubbling":false,"CssClass":{"SelectedCssClass":"none"},"Fill":{"__type":"SolidFill:#PerpetuumSoft.Framework.Drawing","Color":{"knownColor":0,"name":null,"state":2,"value":1358954495}},"JSBindingsText":"this.setCenter((this.getInstrument().getByName('Circle1') .getCenter().minus(new PerfectWidgets.Framework.DataObjects.Vector(0,493.75))));\u000athis.setSize(new PerfectWidgets.Framework.DataObjects.Vector((this.getInstrument().getByName('Circle2') .getRadius()*2),(this.getInstrument().getByName('Circle2') .getRadius()*2)).add(new PerfectWidgets.Framework.DataObjects.Vector(93.75,-62.5)));\u000athis.setSweepAngle((180-(2*this.getInstrument().getByName('TruncatedEllipse2') .getStartAngle())));\u000a","Name":"TruncatedEllipse2","RecalculateAll":false,"Smooth":true,"Stroke":null,"Style":"TruncatedEllipse1","ToolTipValue":null,"Visible":true,"Center":{"Height":156.25,"Length":668.51631431102714,"Rotation":0.23590861706847166,"Width":650,"X":650,"Y":156.25},"Size":{"Height":1162.5,"Length":1757.9840194097328,"Rotation":0.72250891279012419,"Width":1318.75,"X":1318.75,"Y":1162.5},"Angle":0,"StartAngle":152.2,"SweepAngle":-124.4},{"__type":"Joint:#PerpetuumSoft.Instrumentation.Model","Active":true,"BreakEventsBubbling":false,"CssClass":{"SelectedCssClass":"none"},"Fill":null,"JSBindingsText":"this.setCenter(this.getInstrument().getByName('Circle1') .getCenter());\u000a","Name":"Joint1","RecalculateAll":false,"Smooth":true,"Stroke":null,"Style":"","ToolTipValue":null,"Visible":true,"Elements":[{"__type":"Scale:#PerpetuumSoft.Instrumentation.Model","Active":true,"BreakEventsBubbling":false,"CssClass":{"SelectedCssClass":"none"},"Fill":null,"JSBindingsText":null,"Name":"Scale1","RecalculateAll":false,"Smooth":true,"Stroke":null,"Style":"","ToolTipValue":null,"Visible":true,"Elements":[{"__type":"RangedLevel:#PerpetuumSoft.Instrumentation.Model","Active":true,"BreakEventsBubbling":false,"CssClass":{"SelectedCssClass":"none"},"Fill":{"__type":"SolidFill:#PerpetuumSoft.Framework.Drawing","Color":{"knownColor":0,"name":null,"state":2,"value":4281598036}},"JSBindingsText":"this.setDistance(this.getInstrument().getByName('Joint1') .getRadius());\u000a","Name":"RangedLevel1","RecalculateAll":false,"Smooth":true,"Stroke":null,"Style":"RangedLevel1","ToolTipValue":null,"Visible":true,"Colorizer":null,"Distance":450,"Dock":0,"MaxLimitWrapper":{"__type":"SmartValueWrapper:#PerpetuumSoft.Instrumentation.Model","Kind":0,"Value":0},"MinLimitWrapper":{"__type":"SmartValueWrapper:#PerpetuumSoft.Instrumentation.Model","Kind":0,"Value":0},"OriginWrapper":{"__type":"SmartValueWrapper:#PerpetuumSoft.Instrumentation.Model","Kind":0,"Value":0},"Padding":0,"ValueWrapper":{"__type":"SmartValueWrapper:#PerpetuumSoft.Instrumentation.Model","Kind":0,"Value":0},"Colors":[],"Divisions":0,"DivisionsStroke":null,"EndColor":{"knownColor":164,"name":null,"state":1,"value":0},"StartColor":{"knownColor":35,"name":null,"state":1,"value":0},"AlignmentMode":0,"EndWidth":21.875,"StartWidth":21.875},{"__type":"RangedLevel:#PerpetuumSoft.Instrumentation.Model","Active":true,"BreakEventsBubbling":false,"CssClass":{"SelectedCssClass":"none"},"Fill":{"__type":"SolidFill:#PerpetuumSoft.Framework.Drawing","Color":{"knownColor":0,"name":null,"state":2,"value":4287717040}},"JSBindingsText":"this.setDistance(this.getInstrument().getByName('Joint1') .getRadius());\u000a","Name":"RangedLevel2","RecalculateAll":false,"Smooth":true,"Stroke":null,"Style":"Needle2","ToolTipValue":null,"Visible":true,"Colorizer":null,"Distance":450,"Dock":0,"MaxLimitWrapper":{"__type":"SmartValueWrapper:#PerpetuumSoft.Instrumentation.Model","Kind":0,"Value":0},"MinLimitWrapper":{"__type":"SmartValueWrapper:#PerpetuumSoft.Instrumentation.Model","Kind":0,"Value":0},"OriginWrapper":{"__type":"SmartValueWrapper:#PerpetuumSoft.Instrumentation.Model","Kind":0,"Value":0},"Padding":0,"ValueWrapper":{"__type":"SmartValueWrapper:#PerpetuumSoft.Instrumentation.Model","Kind":0,"Value":0},"Colors":[],"Divisions":0,"DivisionsStroke":null,"EndColor":{"knownColor":164,"name":null,"state":1,"value":0},"StartColor":{"knownColor":35,"name":null,"state":1,"value":0},"AlignmentMode":1,"EndWidth":21.875,"StartWidth":21.875},{"__type":"RangedLevel:#PerpetuumSoft.Instrumentation.Model","Active":true,"BreakEventsBubbling":false,"CssClass":{"SelectedCssClass":"none"},"Fill":null,"JSBindingsText":"this.setDistance((this.getInstrument().getByName('Joint1') .getRadius()-21.875));\u000a","Name":"RangedLevel3","RecalculateAll":false,"Smooth":true,"Stroke":{"__type":"SimpleStroke:#PerpetuumSoft.Framework.Drawing","Width":5,"Color":{"knownColor":164,"name":null,"state":1,"value":0},"DashLenght":5,"DotLenght":1,"SpaceLenght":2,"Style":1},"Style":"RangedLevel3","ToolTipValue":null,"Visible":true,"Colorizer":null,"Distance":428.125,"Dock":0,"MaxLimitWrapper":{"__type":"SmartValueWrapper:#PerpetuumSoft.Instrumentation.Model","Kind":0,"Value":0},"MinLimitWrapper":{"__type":"SmartValueWrapper:#PerpetuumSoft.Instrumentation.Model","Kind":0,"Value":0},"OriginWrapper":{"__type":"SmartValueWrapper:#PerpetuumSoft.Instrumentation.Model","Kind":0,"Value":0},"Padding":0,"ValueWrapper":{"__type":"SmartValueWrapper:#PerpetuumSoft.Instrumentation.Model","Kind":0,"Value":0},"Colors":[],"Divisions":72,"DivisionsStroke":{"__type":"SimpleStroke:#PerpetuumSoft.Framework.Drawing","Width":5,"Color":{"knownColor":164,"name":null,"state":1,"value":0},"DashLenght":5,"DotLenght":1,"SpaceLenght":2,"Style":1},"EndColor":{"knownColor":27,"name":null,"state":1,"value":0},"StartColor":{"knownColor":27,"name":null,"state":1,"value":0},"AlignmentMode":0,"EndWidth":43.75,"StartWidth":43.75},{"__type":"ScaleMarks:#PerpetuumSoft.Instrumentation.Model","Active":true,"BreakEventsBubbling":false,"CssClass":{"SelectedCssClass":"none"},"Fill":{"__type":"SolidFill:#PerpetuumSoft.Framework.Drawing","Color":{"knownColor":164,"name":null,"state":1,"value":0}},"JSBindingsText":"this.setDistance(this.getInstrument().getByName('Joint1') .getRadius());\u000a","Name":"ScaleMarks1","RecalculateAll":false,"Smooth":true,"Stroke":null,"Style":"ScaleMarks1","ToolTipValue":null,"Visible":true,"Colorizer":null,"Distance":450,"Dock":0,"MaxLimitWrapper":{"__type":"SmartValueWrapper:#PerpetuumSoft.Instrumentation.Model","Kind":0,"Value":0},"MinLimitWrapper":{"__type":"SmartValueWrapper:#PerpetuumSoft.Instrumentation.Model","Kind":0,"Value":0},"OriginWrapper":{"__type":"SmartValueWrapper:#PerpetuumSoft.Instrumentation.Model","Kind":0,"Value":0},"Padding":0,"Divisions":8,"StepWrapper":{"__type":"SmartValueWrapper:#PerpetuumSoft.Instrumentation.Model","Kind":0,"Value":0},"SubDivisions":1,"SubTicksPosition":0,"UseDescreteValues":false,"UseRoundValues":false,"MarksAngle":0,"MarksSize":{"Height":12.5,"Length":106.98276730389806,"Rotation":0.11710874456686428,"Width":106.25,"X":106.25,"Y":12.5},"RotationMode":1,"Shape":{"__type":"RectangleShape:#PerpetuumSoft.Framework.Drawing"},"SubMarksSize":{"Height":9.375,"Length":63.199213800489638,"Rotation":0.14888994760949725,"Width":62.5,"X":62.5,"Y":9.375}},{"__type":"ScaleMarks:#PerpetuumSoft.Instrumentation.Model","Active":true,"BreakEventsBubbling":false,"CssClass":{"SelectedCssClass":"none"},"Fill":{"__type":"SolidFill:#PerpetuumSoft.Framework.Drawing","Color":{"knownColor":164,"name":null,"state":1,"value":0}},"JSBindingsText":"this.setDistance(this.getInstrument().getByName('Joint1') .getRadius());\u000a","Name":"ScaleMarks2","RecalculateAll":false,"Smooth":true,"Stroke":null,"Style":"ScaleMarks1","ToolTipValue":null,"Visible":true,"Colorizer":null,"Distance":450,"Dock":0,"MaxLimitWrapper":{"__type":"SmartValueWrapper:#PerpetuumSoft.Instrumentation.Model","Kind":0,"Value":0},"MinLimitWrapper":{"__type":"SmartValueWrapper:#PerpetuumSoft.Instrumentation.Model","Kind":0,"Value":0},"OriginWrapper":{"__type":"SmartValueWrapper:#PerpetuumSoft.Instrumentation.Model","Kind":0,"Value":0},"Padding":0,"Divisions":36,"StepWrapper":{"__type":"SmartValueWrapper:#PerpetuumSoft.Instrumentation.Model","Kind":0,"Value":0},"SubDivisions":1,"SubTicksPosition":0,"UseDescreteValues":false,"UseRoundValues":false,"MarksAngle":0,"MarksSize":{"Height":9.375,"Length":57.025898721545808,"Rotation":0.16514867741462683,"Width":56.25,"X":56.25,"Y":9.375},"RotationMode":1,"Shape":{"__type":"RectangleShape:#PerpetuumSoft.Framework.Drawing"},"SubMarksSize":{"Height":9.375,"Length":63.199213800489638,"Rotation":0.14888994760949725,"Width":62.5,"X":62.5,"Y":9.375}},{"__type":"ScaleLabels:#PerpetuumSoft.Instrumentation.Model","Active":true,"BreakEventsBubbling":false,"CssClass":{"SelectedCssClass":"none"},"Fill":null,"JSBindingsText":"this.setDistance((this.getInstrument().getByName('Joint1') .getRadius()-87.5));\u000a","Name":"ScaleLabels1","RecalculateAll":false,"Smooth":true,"Stroke":null,"Style":"ScaleLabels1","ToolTipValue":null,"Visible":true,"Colorizer":{"__type":"SingleColorColorizer:#PerpetuumSoft.Instrumentation.Model.Drawing","Color":{"knownColor":164,"name":null,"state":1,"value":0}},"Distance":362.5,"Dock":0,"MaxLimitWrapper":{"__type":"SmartValueWrapper:#PerpetuumSoft.Instrumentation.Model","Kind":1,"Value":359},"MinLimitWrapper":{"__type":"SmartValueWrapper:#PerpetuumSoft.Instrumentation.Model","Kind":1,"Value":1},"OriginWrapper":{"__type":"SmartValueWrapper:#PerpetuumSoft.Instrumentation.Model","Kind":0,"Value":0},"Padding":0,"Font":{"Bold":1,"FamilyName":"Arial","Italic":2,"Size":12,"Strikeout":2,"Underline":2},"Format":{"CurrencyNegativePattern":0,"CurrencyPositivePattern":0,"CurrencySymbol":"$","DateSeparator":".","DecimalPlaces":2,"DecimalSeparator":".","FormatMask":"","FormatStringMask":"","FormatStyle":0,"GroupSeparator":" ","NumberNegativePattern":0,"PercentNegativePattern":0,"PercentPositivePattern":0,"UseCultureSettings":true,"UseGroupSeparator":true},"Formula":"","ItemMargins":{},"OddLabelsDistance":0,"Position":1,"ShowSuperposableLabels":true,"TextAlignment":1,"TextAngle":90,"TextRotationMode":1,"Divisions":8,"StepWrapper":{"__type":"SmartValueWrapper:#PerpetuumSoft.Instrumentation.Model","Kind":0,"Value":0},"UseRoundValues":false},{"__type":"CustomLabels:#PerpetuumSoft.Instrumentation.Model","Active":true,"BreakEventsBubbling":false,"CssClass":{"SelectedCssClass":"none"},"Fill":null,"JSBindingsText":"this.setDistance((this.getInstrument().getByName('Joint1') .getRadius()-87.5));\u000a","Name":"CustomLabels1","RecalculateAll":false,"Smooth":true,"Stroke":null,"Style":"ScaleLabels1","ToolTipValue":null,"Visible":true,"Colorizer":{"__type":"SingleColorColorizer:#PerpetuumSoft.Instrumentation.Model.Drawing","Color":{"knownColor":164,"name":null,"state":1,"value":0}},"Distance":362.5,"Dock":0,"MaxLimitWrapper":{"__type":"SmartValueWrapper:#PerpetuumSoft.Instrumentation.Model","Kind":0,"Value":0},"MinLimitWrapper":{"__type":"SmartValueWrapper:#PerpetuumSoft.Instrumentation.Model","Kind":0,"Value":0},"OriginWrapper":{"__type":"SmartValueWrapper:#PerpetuumSoft.Instrumentation.Model","Kind":0,"Value":0},"Padding":0,"Font":{"Bold":1,"FamilyName":"Arial","Italic":2,"Size":12,"Strikeout":2,"Underline":2},"Format":{"CurrencyNegativePattern":0,"CurrencyPositivePattern":0,"CurrencySymbol":"$","DateSeparator":".","DecimalPlaces":2,"DecimalSeparator":".","FormatMask":"","FormatStringMask":"","FormatStyle":0,"GroupSeparator":" ","NumberNegativePattern":0,"PercentNegativePattern":0,"PercentPositivePattern":0,"UseCultureSettings":true,"UseGroupSeparator":true},"Formula":"","ItemMargins":{},"OddLabelsDistance":0,"Position":1,"ShowSuperposableLabels":true,"TextAlignment":1,"TextAngle":90,"TextRotationMode":1,"Labels":[{"__type":"TextItem:#PerpetuumSoft.Instrumentation.Model","Text":"360\/0","ValueWrapper":{"__type":"SmartValueWrapper:#PerpetuumSoft.Instrumentation.Model","Kind":1,"Value":0}}]},{"__type":"CustomLabels:#PerpetuumSoft.Instrumentation.Model","Active":true,"BreakEventsBubbling":false,"CssClass":{"SelectedCssClass":"none"},"Fill":null,"JSBindingsText":"this.setDistance((this.getInstrument().getByName('Joint1') .getRadius()-50));\u000a","Name":"CustomLabels2","RecalculateAll":false,"Smooth":true,"Stroke":null,"Style":"CustomLabels2","ToolTipValue":null,"Visible":true,"Colorizer":{"__type":"SingleColorColorizer:#PerpetuumSoft.Instrumentation.Model.Drawing","Color":{"knownColor":164,"name":null,"state":1,"value":0}},"Distance":400,"Dock":0,"MaxLimitWrapper":{"__type":"SmartValueWrapper:#PerpetuumSoft.Instrumentation.Model","Kind":0,"Value":0},"MinLimitWrapper":{"__type":"SmartValueWrapper:#PerpetuumSoft.Instrumentation.Model","Kind":0,"Value":0},"OriginWrapper":{"__type":"SmartValueWrapper:#PerpetuumSoft.Instrumentation.Model","Kind":0,"Value":0},"Padding":0,"Font":{"Bold":1,"FamilyName":"Arial","Italic":2,"Size":6.75,"Strikeout":2,"Underline":2},"Format":{"CurrencyNegativePattern":0,"CurrencyPositivePattern":0,"CurrencySymbol":"$","DateSeparator":".","DecimalPlaces":2,"DecimalSeparator":".","FormatMask":"","FormatStringMask":"","FormatStyle":0,"GroupSeparator":" ","NumberNegativePattern":0,"PercentNegativePattern":0,"PercentPositivePattern":0,"UseCultureSettings":true,"UseGroupSeparator":true},"Formula":"","ItemMargins":{},"OddLabelsDistance":0,"Position":1,"ShowSuperposableLabels":true,"TextAlignment":1,"TextAngle":90,"TextRotationMode":1,"Labels":[{"__type":"TextItem:#PerpetuumSoft.Instrumentation.Model","Text":"10","ValueWrapper":{"__type":"SmartValueWrapper:#PerpetuumSoft.Instrumentation.Model","Kind":1,"Value":10}},{"__type":"TextItem:#PerpetuumSoft.Instrumentation.Model","Text":"20","ValueWrapper":{"__type":"SmartValueWrapper:#PerpetuumSoft.Instrumentation.Model","Kind":1,"Value":20}},{"__type":"TextItem:#PerpetuumSoft.Instrumentation.Model","Text":"30","ValueWrapper":{"__type":"SmartValueWrapper:#PerpetuumSoft.Instrumentation.Model","Kind":1,"Value":30}},{"__type":"TextItem:#PerpetuumSoft.Instrumentation.Model","Text":"40","ValueWrapper":{"__type":"SmartValueWrapper:#PerpetuumSoft.Instrumentation.Model","Kind":1,"Value":40}},{"__type":"TextItem:#PerpetuumSoft.Instrumentation.Model","Text":"50","ValueWrapper":{"__type":"SmartValueWrapper:#PerpetuumSoft.Instrumentation.Model","Kind":1,"Value":50}},{"__type":"TextItem:#PerpetuumSoft.Instrumentation.Model","Text":"60","ValueWrapper":{"__type":"SmartValueWrapper:#PerpetuumSoft.Instrumentation.Model","Kind":1,"Value":60}},{"__type":"TextItem:#PerpetuumSoft.Instrumentation.Model","Text":"70","ValueWrapper":{"__type":"SmartValueWrapper:#PerpetuumSoft.Instrumentation.Model","Kind":1,"Value":70}},{"__type":"TextItem:#PerpetuumSoft.Instrumentation.Model","Text":"80","ValueWrapper":{"__type":"SmartValueWrapper:#PerpetuumSoft.Instrumentation.Model","Kind":1,"Value":80}},{"__type":"TextItem:#PerpetuumSoft.Instrumentation.Model","Text":"100","ValueWrapper":{"__type":"SmartValueWrapper:#PerpetuumSoft.Instrumentation.Model","Kind":1,"Value":100}},{"__type":"TextItem:#PerpetuumSoft.Instrumentation.Model","Text":"110","ValueWrapper":{"__type":"SmartValueWrapper:#PerpetuumSoft.Instrumentation.Model","Kind":1,"Value":110}},{"__type":"TextItem:#PerpetuumSoft.Instrumentation.Model","Text":"120","ValueWrapper":{"__type":"SmartValueWrapper:#PerpetuumSoft.Instrumentation.Model","Kind":1,"Value":120}},{"__type":"TextItem:#PerpetuumSoft.Instrumentation.Model","Text":"130","ValueWrapper":{"__type":"SmartValueWrapper:#PerpetuumSoft.Instrumentation.Model","Kind":1,"Value":130}},{"__type":"TextItem:#PerpetuumSoft.Instrumentation.Model","Text":"140","ValueWrapper":{"__type":"SmartValueWrapper:#PerpetuumSoft.Instrumentation.Model","Kind":1,"Value":140}},{"__type":"TextItem:#PerpetuumSoft.Instrumentation.Model","Text":"150","ValueWrapper":{"__type":"SmartValueWrapper:#PerpetuumSoft.Instrumentation.Model","Kind":1,"Value":150}},{"__type":"TextItem:#PerpetuumSoft.Instrumentation.Model","Text":"160","ValueWrapper":{"__type":"SmartValueWrapper:#PerpetuumSoft.Instrumentation.Model","Kind":1,"Value":160}},{"__type":"TextItem:#PerpetuumSoft.Instrumentation.Model","Text":"170","ValueWrapper":{"__type":"SmartValueWrapper:#PerpetuumSoft.Instrumentation.Model","Kind":1,"Value":170}},{"__type":"TextItem:#PerpetuumSoft.Instrumentation.Model","Text":"190","ValueWrapper":{"__type":"SmartValueWrapper:#PerpetuumSoft.Instrumentation.Model","Kind":1,"Value":190}},{"__type":"TextItem:#PerpetuumSoft.Instrumentation.Model","Text":"200","ValueWrapper":{"__type":"SmartValueWrapper:#PerpetuumSoft.Instrumentation.Model","Kind":1,"Value":200}},{"__type":"TextItem:#PerpetuumSoft.Instrumentation.Model","Text":"210","ValueWrapper":{"__type":"SmartValueWrapper:#PerpetuumSoft.Instrumentation.Model","Kind":1,"Value":210}},{"__type":"TextItem:#PerpetuumSoft.Instrumentation.Model","Text":"220","ValueWrapper":{"__type":"SmartValueWrapper:#PerpetuumSoft.Instrumentation.Model","Kind":1,"Value":220}},{"__type":"TextItem:#PerpetuumSoft.Instrumentation.Model","Text":"230","ValueWrapper":{"__type":"SmartValueWrapper:#PerpetuumSoft.Instrumentation.Model","Kind":1,"Value":230}},{"__type":"TextItem:#PerpetuumSoft.Instrumentation.Model","Text":"240","ValueWrapper":{"__type":"SmartValueWrapper:#PerpetuumSoft.Instrumentation.Model","Kind":1,"Value":240}},{"__type":"TextItem:#PerpetuumSoft.Instrumentation.Model","Text":"250","ValueWrapper":{"__type":"SmartValueWrapper:#PerpetuumSoft.Instrumentation.Model","Kind":1,"Value":250}},{"__type":"TextItem:#PerpetuumSoft.Instrumentation.Model","Text":"260","ValueWrapper":{"__type":"SmartValueWrapper:#PerpetuumSoft.Instrumentation.Model","Kind":1,"Value":260}},{"__type":"TextItem:#PerpetuumSoft.Instrumentation.Model","Text":"280","ValueWrapper":{"__type":"SmartValueWrapper:#PerpetuumSoft.Instrumentation.Model","Kind":1,"Value":280}},{"__type":"TextItem:#PerpetuumSoft.Instrumentation.Model","Text":"290","ValueWrapper":{"__type":"SmartValueWrapper:#PerpetuumSoft.Instrumentation.Model","Kind":1,"Value":290}},{"__type":"TextItem:#PerpetuumSoft.Instrumentation.Model","Text":"300","ValueWrapper":{"__type":"SmartValueWrapper:#PerpetuumSoft.Instrumentation.Model","Kind":1,"Value":300}},{"__type":"TextItem:#PerpetuumSoft.Instrumentation.Model","Text":"310","ValueWrapper":{"__type":"SmartValueWrapper:#PerpetuumSoft.Instrumentation.Model","Kind":1,"Value":310}},{"__type":"TextItem:#PerpetuumSoft.Instrumentation.Model","Text":"320","ValueWrapper":{"__type":"SmartValueWrapper:#PerpetuumSoft.Instrumentation.Model","Kind":1,"Value":320}},{"__type":"TextItem:#PerpetuumSoft.Instrumentation.Model","Text":"330","ValueWrapper":{"__type":"SmartValueWrapper:#PerpetuumSoft.Instrumentation.Model","Kind":1,"Value":330}},{"__type":"TextItem:#PerpetuumSoft.Instrumentation.Model","Text":"340","ValueWrapper":{"__type":"SmartValueWrapper:#PerpetuumSoft.Instrumentation.Model","Kind":1,"Value":340}},{"__type":"TextItem:#PerpetuumSoft.Instrumentation.Model","Text":"350","ValueWrapper":{"__type":"SmartValueWrapper:#PerpetuumSoft.Instrumentation.Model","Kind":1,"Value":350}}]},{"__type":"CustomLabels:#PerpetuumSoft.Instrumentation.Model","Active":true,"BreakEventsBubbling":false,"CssClass":{"SelectedCssClass":"none"},"Fill":null,"JSBindingsText":"this.setDistance((this.getInstrument().getByName('Joint1') .getRadius()-168.75));\u000a","Name":"CustomLabels5","RecalculateAll":false,"Smooth":true,"Stroke":null,"Style":"CustomLabels5","ToolTipValue":null,"Visible":true,"Colorizer":{"__type":"SingleColorColorizer:#PerpetuumSoft.Instrumentation.Model.Drawing","Color":{"knownColor":164,"name":null,"state":1,"value":0}},"Distance":281.25,"Dock":0,"MaxLimitWrapper":{"__type":"SmartValueWrapper:#PerpetuumSoft.Instrumentation.Model","Kind":0,"Value":0},"MinLimitWrapper":{"__type":"SmartValueWrapper:#PerpetuumSoft.Instrumentation.Model","Kind":0,"Value":0},"OriginWrapper":{"__type":"SmartValueWrapper:#PerpetuumSoft.Instrumentation.Model","Kind":0,"Value":0},"Padding":0,"Font":{"Bold":1,"FamilyName":"Times New Roman","Italic":2,"Size":26.25,"Strikeout":2,"Underline":2},"Format":{"CurrencyNegativePattern":0,"CurrencyPositivePattern":0,"CurrencySymbol":"$","DateSeparator":".","DecimalPlaces":2,"DecimalSeparator":".","FormatMask":"","FormatStringMask":"","FormatStyle":0,"GroupSeparator":" ","NumberNegativePattern":0,"PercentNegativePattern":0,"PercentPositivePattern":0,"UseCultureSettings":true,"UseGroupSeparator":true},"Formula":"","ItemMargins":{},"OddLabelsDistance":0,"Position":1,"ShowSuperposableLabels":true,"TextAlignment":1,"TextAngle":0,"TextRotationMode":0,"Labels":[{"__type":"TextItem:#PerpetuumSoft.Instrumentation.Model","Text":"N","ValueWrapper":{"__type":"SmartValueWrapper:#PerpetuumSoft.Instrumentation.Model","Kind":1,"Value":0}},{"__type":"TextItem:#PerpetuumSoft.Instrumentation.Model","Text":"E","ValueWrapper":{"__type":"SmartValueWrapper:#PerpetuumSoft.Instrumentation.Model","Kind":1,"Value":90}},{"__type":"TextItem:#PerpetuumSoft.Instrumentation.Model","Text":"S","ValueWrapper":{"__type":"SmartValueWrapper:#PerpetuumSoft.Instrumentation.Model","Kind":1,"Value":180}},{"__type":"TextItem:#PerpetuumSoft.Instrumentation.Model","Text":"W","ValueWrapper":{"__type":"SmartValueWrapper:#PerpetuumSoft.Instrumentation.Model","Kind":1,"Value":270}}]},{"__type":"CustomLabels:#PerpetuumSoft.Instrumentation.Model","Active":true,"BreakEventsBubbling":false,"CssClass":{"SelectedCssClass":"none"},"Fill":null,"JSBindingsText":"this.setDistance((this.getInstrument().getByName('Joint1') .getRadius()-250));\u000a","Name":"CustomLabels6","RecalculateAll":false,"Smooth":true,"Stroke":null,"Style":"CustomLabels6","ToolTipValue":null,"Visible":true,"Colorizer":{"__type":"SingleColorColorizer:#PerpetuumSoft.Instrumentation.Model.Drawing","Color":{"knownColor":164,"name":null,"state":1,"value":0}},"Distance":200,"Dock":0,"MaxLimitWrapper":{"__type":"SmartValueWrapper:#PerpetuumSoft.Instrumentation.Model","Kind":0,"Value":0},"MinLimitWrapper":{"__type":"SmartValueWrapper:#PerpetuumSoft.Instrumentation.Model","Kind":0,"Value":0},"OriginWrapper":{"__type":"SmartValueWrapper:#PerpetuumSoft.Instrumentation.Model","Kind":0,"Value":0},"Padding":0,"Font":{"Bold":1,"FamilyName":"Times New Roman","Italic":2,"Size":18,"Strikeout":2,"Underline":2},"Format":{"CurrencyNegativePattern":0,"CurrencyPositivePattern":0,"CurrencySymbol":"$","DateSeparator":".","DecimalPlaces":2,"DecimalSeparator":".","FormatMask":"","FormatStringMask":"","FormatStyle":0,"GroupSeparator":" ","NumberNegativePattern":0,"PercentNegativePattern":0,"PercentPositivePattern":0,"UseCultureSettings":true,"UseGroupSeparator":true},"Formula":"","ItemMargins":{},"OddLabelsDistance":0,"Position":1,"ShowSuperposableLabels":true,"TextAlignment":1,"TextAngle":90,"TextRotationMode":1,"Labels":[{"__type":"TextItem:#PerpetuumSoft.Instrumentation.Model","Text":"NW","ValueWrapper":{"__type":"SmartValueWrapper:#PerpetuumSoft.Instrumentation.Model","Kind":1,"Value":315}},{"__type":"TextItem:#PerpetuumSoft.Instrumentation.Model","Text":"NE","ValueWrapper":{"__type":"SmartValueWrapper:#PerpetuumSoft.Instrumentation.Model","Kind":1,"Value":45}}]},{"__type":"CustomLabels:#PerpetuumSoft.Instrumentation.Model","Active":true,"BreakEventsBubbling":false,"CssClass":{"SelectedCssClass":"none"},"Fill":null,"JSBindingsText":"this.setDistance((this.getInstrument().getByName('Joint1') .getRadius()-250));\u000a","Name":"CustomLabels7","RecalculateAll":false,"Smooth":true,"Stroke":null,"Style":"CustomLabels6","ToolTipValue":null,"Visible":true,"Colorizer":{"__type":"SingleColorColorizer:#PerpetuumSoft.Instrumentation.Model.Drawing","Color":{"knownColor":164,"name":null,"state":1,"value":0}},"Distance":200,"Dock":0,"MaxLimitWrapper":{"__type":"SmartValueWrapper:#PerpetuumSoft.Instrumentation.Model","Kind":0,"Value":0},"MinLimitWrapper":{"__type":"SmartValueWrapper:#PerpetuumSoft.Instrumentation.Model","Kind":0,"Value":0},"OriginWrapper":{"__type":"SmartValueWrapper:#PerpetuumSoft.Instrumentation.Model","Kind":0,"Value":0},"Padding":0,"Font":{"Bold":1,"FamilyName":"Times New Roman","Italic":2,"Size":18,"Strikeout":2,"Underline":2},"Format":{"CurrencyNegativePattern":0,"CurrencyPositivePattern":0,"CurrencySymbol":"$","DateSeparator":".","DecimalPlaces":2,"DecimalSeparator":".","FormatMask":"","FormatStringMask":"","FormatStyle":0,"GroupSeparator":" ","NumberNegativePattern":0,"PercentNegativePattern":0,"PercentPositivePattern":0,"UseCultureSettings":true,"UseGroupSeparator":true},"Formula":"","ItemMargins":{},"OddLabelsDistance":0,"Position":1,"ShowSuperposableLabels":true,"TextAlignment":1,"TextAngle":270,"TextRotationMode":1,"Labels":[{"__type":"TextItem:#PerpetuumSoft.Instrumentation.Model","Text":"SE","ValueWrapper":{"__type":"SmartValueWrapper:#PerpetuumSoft.Instrumentation.Model","Kind":1,"Value":135}},{"__type":"TextItem:#PerpetuumSoft.Instrumentation.Model","Text":"SW","ValueWrapper":{"__type":"SmartValueWrapper:#PerpetuumSoft.Instrumentation.Model","Kind":1,"Value":225}}]},{"__type":"Slider:#PerpetuumSoft.Instrumentation.Model","Active":true,"BreakEventsBubbling":false,"CssClass":{"SelectedCssClass":"none"},"Fill":null,"JSBindingsText":null,"Name":"Slider1","RecalculateAll":false,"Smooth":true,"Stroke":null,"Style":"","ToolTipValue":null,"Visible":true,"Elements":[{"__type":"Needle:#PerpetuumSoft.Instrumentation.Model","Active":true,"BreakEventsBubbling":false,"CssClass":{"SelectedCssClass":"none"},"Fill":{"__type":"SolidFill:#PerpetuumSoft.Framework.Drawing","Color":{"knownColor":0,"name":null,"state":2,"value":4281598036}},"JSBindingsText":"this.setEndPoint(this.getInstrument().getByName(\"Slider1\").getPosition((this.getInstrument().getByName('Joint1') .getRadius()*0.7)));\u000athis.setStartPoint(this.getInstrument().getByName(\"Slider1\").getPosition(0));\u000a","Name":"Needle1","RecalculateAll":false,"Smooth":true,"Stroke":null,"Style":"Needle1","ToolTipValue":null,"Visible":true,"CenterPart":0,"CenterPoint":{"Height":650,"Length":919.23881554251182,"Rotation":0.78539816339744828,"Width":650,"X":650,"Y":650},"EndPoint":{"Height":951.4626873965442,"Length":1103.3442188397835,"Rotation":1.0398817901036797,"Width":558.6476704858959,"X":558.6476704858959,"Y":951.4626873965442},"StartPoint":{"Height":650,"Length":919.23881554251182,"Rotation":0.78539816339744828,"Width":650,"X":650,"Y":650},"EndWidth":0,"NeedlePoints":[],"ShowMode":0,"StartWidth":150},{"__type":"Needle:#PerpetuumSoft.Instrumentation.Model","Active":true,"BreakEventsBubbling":false,"CssClass":{"SelectedCssClass":"none"},"Fill":{"__type":"SolidFill:#PerpetuumSoft.Framework.Drawing","Color":{"knownColor":0,"name":null,"state":2,"value":4287717040}},"JSBindingsText":"this.setEndPoint(this.getInstrument().getByName(\"Slider1\").getPosition((-this.getInstrument().getByName('Joint1') .getRadius()*0.7)));\u000athis.setStartPoint(this.getInstrument().getByName(\"Slider1\").getPosition(0));\u000a","Name":"Needle2","RecalculateAll":false,"Smooth":true,"Stroke":null,"Style":"Needle2","ToolTipValue":null,"Visible":true,"CenterPart":0,"CenterPoint":{"Height":650,"Length":919.23881554251182,"Rotation":0.78539816339744828,"Width":650,"X":650,"Y":650},"EndPoint":{"Height":348.5373126034558,"Length":819.19566328980761,"Rotation":0.43947326209626414,"Width":741.3523295141041,"X":741.3523295141041,"Y":348.5373126034558},"StartPoint":{"Height":650,"Length":919.23881554251182,"Rotation":0.78539816339744828,"Width":650,"X":650,"Y":650},"EndWidth":0,"NeedlePoints":[],"ShowMode":0,"StartWidth":150},{"__type":"Needle:#PerpetuumSoft.Instrumentation.Model","Active":true,"BreakEventsBubbling":false,"CssClass":{"SelectedCssClass":"none"},"Fill":null,"JSBindingsText":"this.setEndPoint(this.getInstrument().getByName(\"Slider1\").getPosition((this.getInstrument().getByName('Joint1') .getRadius()*0.7)));\u000athis.setStartPoint(this.getInstrument().getByName(\"Slider1\").getPosition((-this.getInstrument().getByName('Joint1') .getRadius()*0.7)));\u000a","Name":"Needle3","RecalculateAll":false,"Smooth":true,"Stroke":{"__type":"SimpleStroke:#PerpetuumSoft.Framework.Drawing","Width":5,"Color":{"knownColor":164,"name":null,"state":1,"value":0},"DashLenght":5,"DotLenght":1,"SpaceLenght":2,"Style":1},"Style":"Needle3","ToolTipValue":null,"Visible":true,"CenterPart":0,"CenterPoint":{"Height":348.5373126034558,"Length":819.19566328980761,"Rotation":0.43947326209626414,"Width":741.3523295141041,"X":741.3523295141041,"Y":348.5373126034558},"EndPoint":{"Height":951.4626873965442,"Length":1103.3442188397835,"Rotation":1.0398817901036797,"Width":558.6476704858959,"X":558.6476704858959,"Y":951.4626873965442},"StartPoint":{"Height":348.5373126034558,"Length":819.19566328980761,"Rotation":0.43947326209626414,"Width":741.3523295141041,"X":741.3523295141041,"Y":348.5373126034558},"EndWidth":0,"NeedlePoints":[{"__type":"NeedlePoint:#PerpetuumSoft.Instrumentation.Model","Portion":0.5,"Width":150}],"ShowMode":0,"StartWidth":0}],"MaxLimit":{"Kind":0,"Value":0},"MinLimit":{"Kind":0,"Value":0},"Step":0,"Value":196.85839876773827,"MarkerPoint":{"Height":1080.6609819950631,"Length":1199.0433479875126,"Rotation":1.1226903446329584,"Width":519.49667212270833,"X":519.49667212270833,"Y":1080.6609819950631}}],"Colorizer":null,"Maximum":360,"Minimum":0,"Reverse":false}],"Margins":{},"Center":{"Height":650,"Length":919.23881554251182,"Rotation":0.78539816339744828,"Width":650,"X":650,"Y":650},"Dock":0,"Radius":450,"StartAngle":270,"TotalAngle":360},{"__type":"Joint:#PerpetuumSoft.Instrumentation.Model","Active":true,"BreakEventsBubbling":false,"CssClass":{"SelectedCssClass":"none"},"Fill":null,"JSBindingsText":"this.setCenter(this.getInstrument().getByName('Joint1') .getCenter());\u000athis.setRadius(this.getInstrument().getByName('Joint1') .getRadius());\u000a","Name":"Joint2","RecalculateAll":false,"Smooth":true,"Stroke":null,"Style":"","ToolTipValue":null,"Visible":true,"Elements":[{"__type":"Scale:#PerpetuumSoft.Instrumentation.Model","Active":true,"BreakEventsBubbling":false,"CssClass":{"SelectedCssClass":"none"},"Fill":null,"JSBindingsText":null,"Name":"Scale2","RecalculateAll":false,"Smooth":true,"Stroke":null,"Style":"","ToolTipValue":null,"Visible":true,"Elements":[{"__type":"ScaleLabels:#PerpetuumSoft.Instrumentation.Model","Active":true,"BreakEventsBubbling":false,"CssClass":{"SelectedCssClass":"none"},"Fill":null,"JSBindingsText":"this.setDistance((this.getInstrument().getByName('Joint2') .getRadius()+81.25));\u000a","Name":"ScaleLabels2","RecalculateAll":false,"Smooth":true,"Stroke":null,"Style":"ScaleLabels1","ToolTipValue":null,"Visible":true,"Colorizer":{"__type":"SingleColorColorizer:#PerpetuumSoft.Instrumentation.Model.Drawing","Color":{"knownColor":164,"name":null,"state":1,"value":0}},"Distance":531.25,"Dock":0,"MaxLimitWrapper":{"__type":"SmartValueWrapper:#PerpetuumSoft.Instrumentation.Model","Kind":1,"Value":359},"MinLimitWrapper":{"__type":"SmartValueWrapper:#PerpetuumSoft.Instrumentation.Model","Kind":1,"Value":1},"OriginWrapper":{"__type":"SmartValueWrapper:#PerpetuumSoft.Instrumentation.Model","Kind":0,"Value":0},"Padding":0,"Font":{"Bold":1,"FamilyName":"Arial","Italic":2,"Size":12,"Strikeout":2,"Underline":2},"Format":{"CurrencyNegativePattern":0,"CurrencyPositivePattern":0,"CurrencySymbol":"$","DateSeparator":".","DecimalPlaces":2,"DecimalSeparator":".","FormatMask":"","FormatStringMask":"","FormatStyle":0,"GroupSeparator":" ","NumberNegativePattern":0,"PercentNegativePattern":0,"PercentPositivePattern":0,"UseCultureSettings":true,"UseGroupSeparator":true},"Formula":"","ItemMargins":{},"OddLabelsDistance":0,"Position":1,"ShowSuperposableLabels":true,"TextAlignment":1,"TextAngle":90,"TextRotationMode":1,"Divisions":8,"StepWrapper":{"__type":"SmartValueWrapper:#PerpetuumSoft.Instrumentation.Model","Kind":0,"Value":0},"UseRoundValues":false},{"__type":"CustomLabels:#PerpetuumSoft.Instrumentation.Model","Active":true,"BreakEventsBubbling":false,"CssClass":{"SelectedCssClass":"none"},"Fill":null,"JSBindingsText":"this.setDistance((this.getInstrument().getByName('Joint2') .getRadius()+81.25));\u000a","Name":"CustomLabels3","RecalculateAll":false,"Smooth":true,"Stroke":null,"Style":"ScaleLabels1","ToolTipValue":null,"Visible":true,"Colorizer":{"__type":"SingleColorColorizer:#PerpetuumSoft.Instrumentation.Model.Drawing","Color":{"knownColor":164,"name":null,"state":1,"value":0}},"Distance":531.25,"Dock":0,"MaxLimitWrapper":{"__type":"SmartValueWrapper:#PerpetuumSoft.Instrumentation.Model","Kind":0,"Value":0},"MinLimitWrapper":{"__type":"SmartValueWrapper:#PerpetuumSoft.Instrumentation.Model","Kind":0,"Value":0},"OriginWrapper":{"__type":"SmartValueWrapper:#PerpetuumSoft.Instrumentation.Model","Kind":0,"Value":0},"Padding":0,"Font":{"Bold":1,"FamilyName":"Arial","Italic":2,"Size":12,"Strikeout":2,"Underline":2},"Format":{"CurrencyNegativePattern":0,"CurrencyPositivePattern":0,"CurrencySymbol":"$","DateSeparator":".","DecimalPlaces":2,"DecimalSeparator":".","FormatMask":"","FormatStringMask":"","FormatStyle":0,"GroupSeparator":" ","NumberNegativePattern":0,"PercentNegativePattern":0,"PercentPositivePattern":0,"UseCultureSettings":true,"UseGroupSeparator":true},"Formula":"","ItemMargins":{},"OddLabelsDistance":0,"Position":1,"ShowSuperposableLabels":true,"TextAlignment":1,"TextAngle":90,"TextRotationMode":1,"Labels":[{"__type":"TextItem:#PerpetuumSoft.Instrumentation.Model","Text":"360\/0","ValueWrapper":{"__type":"SmartValueWrapper:#PerpetuumSoft.Instrumentation.Model","Kind":1,"Value":0}}]},{"__type":"CustomLabels:#PerpetuumSoft.Instrumentation.Model","Active":true,"BreakEventsBubbling":false,"CssClass":{"SelectedCssClass":"none"},"Fill":null,"JSBindingsText":"this.setDistance((this.getInstrument().getByName('Joint2') .getRadius()+50));\u000a","Name":"CustomLabels4","RecalculateAll":false,"Smooth":true,"Stroke":null,"Style":"CustomLabels2","ToolTipValue":null,"Visible":true,"Colorizer":{"__type":"SingleColorColorizer:#PerpetuumSoft.Instrumentation.Model.Drawing","Color":{"knownColor":164,"name":null,"state":1,"value":0}},"Distance":500,"Dock":0,"MaxLimitWrapper":{"__type":"SmartValueWrapper:#PerpetuumSoft.Instrumentation.Model","Kind":0,"Value":0},"MinLimitWrapper":{"__type":"SmartValueWrapper:#PerpetuumSoft.Instrumentation.Model","Kind":0,"Value":0},"OriginWrapper":{"__type":"SmartValueWrapper:#PerpetuumSoft.Instrumentation.Model","Kind":0,"Value":0},"Padding":0,"Font":{"Bold":1,"FamilyName":"Arial","Italic":2,"Size":6.75,"Strikeout":2,"Underline":2},"Format":{"CurrencyNegativePattern":0,"CurrencyPositivePattern":0,"CurrencySymbol":"$","DateSeparator":".","DecimalPlaces":2,"DecimalSeparator":".","FormatMask":"","FormatStringMask":"","FormatStyle":0,"GroupSeparator":" ","NumberNegativePattern":0,"PercentNegativePattern":0,"PercentPositivePattern":0,"UseCultureSettings":true,"UseGroupSeparator":true},"Formula":"","ItemMargins":{},"OddLabelsDistance":0,"Position":1,"ShowSuperposableLabels":true,"TextAlignment":1,"TextAngle":90,"TextRotationMode":1,"Labels":[{"__type":"TextItem:#PerpetuumSoft.Instrumentation.Model","Text":"10","ValueWrapper":{"__type":"SmartValueWrapper:#PerpetuumSoft.Instrumentation.Model","Kind":1,"Value":10}},{"__type":"TextItem:#PerpetuumSoft.Instrumentation.Model","Text":"20","ValueWrapper":{"__type":"SmartValueWrapper:#PerpetuumSoft.Instrumentation.Model","Kind":1,"Value":20}},{"__type":"TextItem:#PerpetuumSoft.Instrumentation.Model","Text":"30","ValueWrapper":{"__type":"SmartValueWrapper:#PerpetuumSoft.Instrumentation.Model","Kind":1,"Value":30}},{"__type":"TextItem:#PerpetuumSoft.Instrumentation.Model","Text":"40","ValueWrapper":{"__type":"SmartValueWrapper:#PerpetuumSoft.Instrumentation.Model","Kind":1,"Value":40}},{"__type":"TextItem:#PerpetuumSoft.Instrumentation.Model","Text":"50","ValueWrapper":{"__type":"SmartValueWrapper:#PerpetuumSoft.Instrumentation.Model","Kind":1,"Value":50}},{"__type":"TextItem:#PerpetuumSoft.Instrumentation.Model","Text":"60","ValueWrapper":{"__type":"SmartValueWrapper:#PerpetuumSoft.Instrumentation.Model","Kind":1,"Value":60}},{"__type":"TextItem:#PerpetuumSoft.Instrumentation.Model","Text":"70","ValueWrapper":{"__type":"SmartValueWrapper:#PerpetuumSoft.Instrumentation.Model","Kind":1,"Value":70}},{"__type":"TextItem:#PerpetuumSoft.Instrumentation.Model","Text":"80","ValueWrapper":{"__type":"SmartValueWrapper:#PerpetuumSoft.Instrumentation.Model","Kind":1,"Value":80}},{"__type":"TextItem:#PerpetuumSoft.Instrumentation.Model","Text":"100","ValueWrapper":{"__type":"SmartValueWrapper:#PerpetuumSoft.Instrumentation.Model","Kind":1,"Value":100}},{"__type":"TextItem:#PerpetuumSoft.Instrumentation.Model","Text":"110","ValueWrapper":{"__type":"SmartValueWrapper:#PerpetuumSoft.Instrumentation.Model","Kind":1,"Value":110}},{"__type":"TextItem:#PerpetuumSoft.Instrumentation.Model","Text":"120","ValueWrapper":{"__type":"SmartValueWrapper:#PerpetuumSoft.Instrumentation.Model","Kind":1,"Value":120}},{"__type":"TextItem:#PerpetuumSoft.Instrumentation.Model","Text":"130","ValueWrapper":{"__type":"SmartValueWrapper:#PerpetuumSoft.Instrumentation.Model","Kind":1,"Value":130}},{"__type":"TextItem:#PerpetuumSoft.Instrumentation.Model","Text":"140","ValueWrapper":{"__type":"SmartValueWrapper:#PerpetuumSoft.Instrumentation.Model","Kind":1,"Value":140}},{"__type":"TextItem:#PerpetuumSoft.Instrumentation.Model","Text":"150","ValueWrapper":{"__type":"SmartValueWrapper:#PerpetuumSoft.Instrumentation.Model","Kind":1,"Value":150}},{"__type":"TextItem:#PerpetuumSoft.Instrumentation.Model","Text":"160","ValueWrapper":{"__type":"SmartValueWrapper:#PerpetuumSoft.Instrumentation.Model","Kind":1,"Value":160}},{"__type":"TextItem:#PerpetuumSoft.Instrumentation.Model","Text":"170","ValueWrapper":{"__type":"SmartValueWrapper:#PerpetuumSoft.Instrumentation.Model","Kind":1,"Value":170}},{"__type":"TextItem:#PerpetuumSoft.Instrumentation.Model","Text":"190","ValueWrapper":{"__type":"SmartValueWrapper:#PerpetuumSoft.Instrumentation.Model","Kind":1,"Value":190}},{"__type":"TextItem:#PerpetuumSoft.Instrumentation.Model","Text":"200","ValueWrapper":{"__type":"SmartValueWrapper:#PerpetuumSoft.Instrumentation.Model","Kind":1,"Value":200}},{"__type":"TextItem:#PerpetuumSoft.Instrumentation.Model","Text":"210","ValueWrapper":{"__type":"SmartValueWrapper:#PerpetuumSoft.Instrumentation.Model","Kind":1,"Value":210}},{"__type":"TextItem:#PerpetuumSoft.Instrumentation.Model","Text":"220","ValueWrapper":{"__type":"SmartValueWrapper:#PerpetuumSoft.Instrumentation.Model","Kind":1,"Value":220}},{"__type":"TextItem:#PerpetuumSoft.Instrumentation.Model","Text":"230","ValueWrapper":{"__type":"SmartValueWrapper:#PerpetuumSoft.Instrumentation.Model","Kind":1,"Value":230}},{"__type":"TextItem:#PerpetuumSoft.Instrumentation.Model","Text":"240","ValueWrapper":{"__type":"SmartValueWrapper:#PerpetuumSoft.Instrumentation.Model","Kind":1,"Value":240}},{"__type":"TextItem:#PerpetuumSoft.Instrumentation.Model","Text":"250","ValueWrapper":{"__type":"SmartValueWrapper:#PerpetuumSoft.Instrumentation.Model","Kind":1,"Value":250}},{"__type":"TextItem:#PerpetuumSoft.Instrumentation.Model","Text":"260","ValueWrapper":{"__type":"SmartValueWrapper:#PerpetuumSoft.Instrumentation.Model","Kind":1,"Value":260}},{"__type":"TextItem:#PerpetuumSoft.Instrumentation.Model","Text":"280","ValueWrapper":{"__type":"SmartValueWrapper:#PerpetuumSoft.Instrumentation.Model","Kind":1,"Value":280}},{"__type":"TextItem:#PerpetuumSoft.Instrumentation.Model","Text":"290","ValueWrapper":{"__type":"SmartValueWrapper:#PerpetuumSoft.Instrumentation.Model","Kind":1,"Value":290}},{"__type":"TextItem:#PerpetuumSoft.Instrumentation.Model","Text":"300","ValueWrapper":{"__type":"SmartValueWrapper:#PerpetuumSoft.Instrumentation.Model","Kind":1,"Value":300}},{"__type":"TextItem:#PerpetuumSoft.Instrumentation.Model","Text":"310","ValueWrapper":{"__type":"SmartValueWrapper:#PerpetuumSoft.Instrumentation.Model","Kind":1,"Value":310}},{"__type":"TextItem:#PerpetuumSoft.Instrumentation.Model","Text":"320","ValueWrapper":{"__type":"SmartValueWrapper:#PerpetuumSoft.Instrumentation.Model","Kind":1,"Value":320}},{"__type":"TextItem:#PerpetuumSoft.Instrumentation.Model","Text":"330","ValueWrapper":{"__type":"SmartValueWrapper:#PerpetuumSoft.Instrumentation.Model","Kind":1,"Value":330}},{"__type":"TextItem:#PerpetuumSoft.Instrumentation.Model","Text":"340","ValueWrapper":{"__type":"SmartValueWrapper:#PerpetuumSoft.Instrumentation.Model","Kind":1,"Value":340}},{"__type":"TextItem:#PerpetuumSoft.Instrumentation.Model","Text":"350","ValueWrapper":{"__type":"SmartValueWrapper:#PerpetuumSoft.Instrumentation.Model","Kind":1,"Value":350}}]}],"Colorizer":null,"Maximum":360,"Minimum":0,"Reverse":false}],"Margins":{},"Center":{"Height":650,"Length":919.23881554251182,"Rotation":0.78539816339744828,"Width":650,"X":650,"Y":650},"Dock":0,"Radius":450,"StartAngle":90,"TotalAngle":360},{"__type":"Circle:#PerpetuumSoft.Instrumentation.Model","Active":true,"BreakEventsBubbling":false,"CssClass":{"SelectedCssClass":"none"},"Fill":{"__type":"SolidFill:#PerpetuumSoft.Framework.Drawing","Color":{"knownColor":164,"name":null,"state":1,"value":0}},"JSBindingsText":"this.setCenter(this.getInstrument().getByName('Circle1') .getCenter());\u000a","Name":"Circle4","RecalculateAll":false,"Smooth":true,"Stroke":null,"Style":"Circle4","ToolTipValue":null,"Visible":true,"Center":{"Height":650,"Length":919.23881554251182,"Rotation":0.78539816339744828,"Width":650,"X":650,"Y":650},"Radius":62.5},{"__type":"Circle:#PerpetuumSoft.Instrumentation.Model","Active":true,"BreakEventsBubbling":false,"CssClass":{"SelectedCssClass":"none"},"Fill":{"__type":"LinearGradientFill:#PerpetuumSoft.Framework.Drawing","Angle":90,"Colors":[{"__type":"GradientColor:#PerpetuumSoft.Framework.Drawing","Color":{"knownColor":0,"name":null,"state":2,"value":4293651435},"Portion":0},{"__type":"GradientColor:#PerpetuumSoft.Framework.Drawing","Color":{"knownColor":35,"name":null,"state":1,"value":0},"Portion":1}],"EndColor":{"knownColor":35,"name":null,"state":1,"value":0},"StartColor":{"knownColor":0,"name":null,"state":2,"value":4293651435}},"JSBindingsText":"this.setCenter(this.getInstrument().getByName('Circle1') .getCenter());\u000a","Name":"Circle5","RecalculateAll":false,"Smooth":true,"Stroke":null,"Style":"Circle5","ToolTipValue":null,"Visible":true,"Center":{"Height":650,"Length":919.23881554251182,"Rotation":0.78539816339744828,"Width":650,"X":650,"Y":650},"Radius":43.75},{"__type":"Rectangle:#PerpetuumSoft.Instrumentation.Model","Active":false,"BreakEventsBubbling":false,"CssClass":{"SelectedCssClass":"none"},"Fill":{"__type":"SolidFill:#PerpetuumSoft.Framework.Drawing","Color":{"knownColor":0,"name":null,"state":2,"value":16711680}},"JSBindingsText":null,"Name":"Cap","RecalculateAll":false,"Smooth":true,"Stroke":null,"Style":"","ToolTipValue":null,"Visible":true,"Center":{"Height":650,"Length":919.23881554251182,"Rotation":0.78539816339744828,"Width":650,"X":650,"Y":650},"Size":{"Height":1300,"Length":1838.4776310850236,"Rotation":0.78539816339744828,"Width":1300,"X":1300,"Y":1300},"Angle":0}],"Enabled":true,"Focused":false,"GridStep":25,"IsFixed":false,"MeasureUnit":{},"ShadowDX":0,"ShadowDY":0,"ShadowFill":{"__type":"EmptyFill:#PerpetuumSoft.Framework.Drawing"},"ShowGrid":true,"Size":{"Height":1300,"Length":1838.4776310850236,"Rotation":0.78539816339744828,"Width":1300,"X":1300,"Y":1300},"SnapToGrid":true,"StubBevel":null,"Styles":[{"__type":"Style:#PerpetuumSoft.Instrumentation.Styles","Fill":null,"Font":{"Bold":0,"FamilyName":"Microsoft Sans Serif","Italic":0,"Size":10,"Strikeout":0,"Underline":0},"Image":null,"Name":"Default","Stroke":{"__type":"SimpleStroke:#PerpetuumSoft.Framework.Drawing","Width":1,"Color":{"knownColor":35,"name":null,"state":1,"value":0},"DashLenght":5,"DotLenght":1,"SpaceLenght":2,"Style":1}},{"__type":"Style:#PerpetuumSoft.Instrumentation.Styles","Fill":null,"Font":{"Bold":1,"FamilyName":"Arial","Italic":2,"Size":12,"Strikeout":2,"Underline":2},"Image":null,"Name":"ScaleLabels1","Stroke":null},{"__type":"Style:#PerpetuumSoft.Instrumentation.Styles","Fill":null,"Font":{"Bold":1,"FamilyName":"Arial","Italic":2,"Size":6.75,"Strikeout":2,"Underline":2},"Image":null,"Name":"CustomLabels2","Stroke":null},{"__type":"Style:#PerpetuumSoft.Instrumentation.Styles","Fill":{"__type":"SolidFill:#PerpetuumSoft.Framework.Drawing","Color":{"knownColor":0,"name":null,"state":2,"value":4281598036}},"Font":null,"Image":null,"Name":"Needle1","Stroke":null},{"__type":"Style:#PerpetuumSoft.Instrumentation.Styles","Fill":{"__type":"SolidFill:#PerpetuumSoft.Framework.Drawing","Color":{"knownColor":0,"name":null,"state":2,"value":4287717040}},"Font":null,"Image":null,"Name":"Needle2","Stroke":null},{"__type":"Style:#PerpetuumSoft.Instrumentation.Styles","Fill":null,"Font":null,"Image":null,"Name":"Needle3","Stroke":{"__type":"SimpleStroke:#PerpetuumSoft.Framework.Drawing","Width":5,"Color":{"knownColor":164,"name":null,"state":1,"value":0},"DashLenght":5,"DotLenght":1,"SpaceLenght":2,"Style":1}},{"__type":"Style:#PerpetuumSoft.Instrumentation.Styles","Fill":{"__type":"SolidFill:#PerpetuumSoft.Framework.Drawing","Color":{"knownColor":164,"name":null,"state":1,"value":0}},"Font":null,"Image":null,"Name":"Circle4","Stroke":null},{"__type":"Style:#PerpetuumSoft.Instrumentation.Styles","Fill":{"__type":"LinearGradientFill:#PerpetuumSoft.Framework.Drawing","Angle":90,"Colors":[{"__type":"GradientColor:#PerpetuumSoft.Framework.Drawing","Color":{"knownColor":0,"name":null,"state":2,"value":4293651435},"Portion":0},{"__type":"GradientColor:#PerpetuumSoft.Framework.Drawing","Color":{"knownColor":35,"name":null,"state":1,"value":0},"Portion":1}],"EndColor":{"knownColor":35,"name":null,"state":1,"value":0},"StartColor":{"knownColor":0,"name":null,"state":2,"value":4293651435}},"Font":null,"Image":null,"Name":"Circle5","Stroke":null},{"__type":"Style:#PerpetuumSoft.Instrumentation.Styles","Fill":{"__type":"SolidFill:#PerpetuumSoft.Framework.Drawing","Color":{"knownColor":35,"name":null,"state":1,"value":0}},"Font":null,"Image":null,"Name":"Circle3","Stroke":{"__type":"SimpleStroke:#PerpetuumSoft.Framework.Drawing","Width":6,"Color":{"knownColor":164,"name":null,"state":1,"value":0},"DashLenght":5,"DotLenght":1,"SpaceLenght":2,"Style":1}},{"__type":"Style:#PerpetuumSoft.Instrumentation.Styles","Fill":{"__type":"SolidFill:#PerpetuumSoft.Framework.Drawing","Color":{"knownColor":0,"name":null,"state":2,"value":4281204811}},"Font":null,"Image":null,"Name":"Circle2","Stroke":null},{"__type":"Style:#PerpetuumSoft.Instrumentation.Styles","Fill":{"__type":"LinearGradientFill:#PerpetuumSoft.Framework.Drawing","Angle":90,"Colors":[{"__type":"GradientColor:#PerpetuumSoft.Framework.Drawing","Color":{"knownColor":35,"name":null,"state":1,"value":0},"Portion":0},{"__type":"GradientColor:#PerpetuumSoft.Framework.Drawing","Color":{"knownColor":0,"name":null,"state":2,"value":4288256409},"Portion":1}],"EndColor":{"knownColor":0,"name":null,"state":2,"value":4288256409},"StartColor":{"knownColor":35,"name":null,"state":1,"value":0}},"Font":null,"Image":null,"Name":"Circle1","Stroke":{"__type":"SimpleStroke:#PerpetuumSoft.Framework.Drawing","Width":5,"Color":{"knownColor":35,"name":null,"state":1,"value":0},"DashLenght":5,"DotLenght":1,"SpaceLenght":2,"Style":1}},{"__type":"Style:#PerpetuumSoft.Instrumentation.Styles","Fill":{"__type":"SolidFill:#PerpetuumSoft.Framework.Drawing","Color":{"knownColor":0,"name":null,"state":2,"value":4281598036}},"Font":null,"Image":null,"Name":"RangedLevel1","Stroke":null},{"__type":"Style:#PerpetuumSoft.Instrumentation.Styles","Fill":{"__type":"SolidFill:#PerpetuumSoft.Framework.Drawing","Color":{"knownColor":0,"name":null,"state":2,"value":4287717040}},"Font":null,"Image":null,"Name":"RangedLevel2","Stroke":null},{"__type":"Style:#PerpetuumSoft.Instrumentation.Styles","Fill":null,"Font":null,"Image":null,"Name":"RangedLevel3","Stroke":{"__type":"SimpleStroke:#PerpetuumSoft.Framework.Drawing","Width":5,"Color":{"knownColor":164,"name":null,"state":1,"value":0},"DashLenght":5,"DotLenght":1,"SpaceLenght":2,"Style":1}},{"__type":"Style:#PerpetuumSoft.Instrumentation.Styles","Fill":{"__type":"SolidFill:#PerpetuumSoft.Framework.Drawing","Color":{"knownColor":164,"name":null,"state":1,"value":0}},"Font":null,"Image":null,"Name":"ScaleMarks1","Stroke":null},{"__type":"Style:#PerpetuumSoft.Instrumentation.Styles","Fill":null,"Font":{"Bold":1,"FamilyName":"Times New Roman","Italic":2,"Size":26.25,"Strikeout":2,"Underline":2},"Image":null,"Name":"CustomLabels5","Stroke":null},{"__type":"Style:#PerpetuumSoft.Instrumentation.Styles","Fill":null,"Font":{"Bold":1,"FamilyName":"Times New Roman","Italic":2,"Size":18,"Strikeout":2,"Underline":2},"Image":null,"Name":"CustomLabels6","Stroke":null},{"__type":"Style:#PerpetuumSoft.Instrumentation.Styles","Fill":{"__type":"SphericalFill:#PerpetuumSoft.Framework.Drawing","Angle":0,"Colors":[{"__type":"GradientColor:#PerpetuumSoft.Framework.Drawing","Color":{"knownColor":0,"name":null,"state":2,"value":4282137660},"Portion":0},{"__type":"GradientColor:#PerpetuumSoft.Framework.Drawing","Color":{"knownColor":35,"name":null,"state":1,"value":0},"Portion":1}],"Delta":0,"EndColor":{"knownColor":0,"name":null,"state":2,"value":4282137660},"StartColor":{"knownColor":35,"name":null,"state":1,"value":0}},"Font":null,"Image":null,"Name":"Circle6","Stroke":null},{"__type":"Style:#PerpetuumSoft.Instrumentation.Styles","Fill":{"__type":"SolidFill:#PerpetuumSoft.Framework.Drawing","Color":{"knownColor":0,"name":null,"state":2,"value":1358954495}},"Font":null,"Image":null,"Name":"TruncatedEllipse1","Stroke":null}]}
